entity_id,entity_name,entity_category
小麦,小麦,食物
大麦,大麦,食物
黑麦,黑麦,食物
荞麦,荞麦,食物
黑米,黑米,食物
莜麦,莜麦,食物
燕麦,燕麦,食物
青稞,青稞,食物
玉米,玉米,食物
稻麸,稻麸,食物
燕麦麸,燕麦麸,食物
青稞麸,青稞麸,食物
糙米饭,糙米饭,食物
大米饭,大米饭,食物
糯米饭,糯米饭,食物
速食米饭,速食米饭,食物
玉米粒粥,玉米粒粥,食物
燕麦片粥,燕麦片粥,食物
小米粥,小米粥,食物
即食大米粥,即食大米粥,食物
白面馒头,白面馒头,食物
通心面,通心面,食物
意大利面,意大利面,食物
乌冬面,乌冬面,食物
全麦面,全麦面,食物
黄豆挂面,黄豆挂面,食物
荞麦面条,荞麦面条,食物
玉米饼,玉米饼,食物
薄煎饼,薄煎饼,食物
印度卷饼,印度卷饼,食物
比萨饼（含乳酪）,比萨饼（含乳酪）,食物
烙饼,烙饼,食物
米饼,米饼,食物
黑麦粒面包,黑麦粒面包,食物
大麦粒面包,大麦粒面包,食物
小麦粒面包,小麦粒面包,食物
全麦面包,全麦面包,食物
大麦面包,大麦面包,食物
燕麦面包,燕麦面包,食物
高纤面包,高纤面包,食物
白面包,白面包,食物
燕麦粗粉饼干,燕麦粗粉饼干,食物
牛奶香脆饼干,牛奶香脆饼干,食物
小麦饼干,小麦饼干,食物
油酥脆饼干,油酥脆饼干,食物
梳打饼干,梳打饼干,食物
华夫饼干,华夫饼干,食物
膨化薄脆饼干,膨化薄脆饼干,食物
山药,山药,食物
雪魔芋,雪魔芋,食物
芋头（蒸）,芋头（蒸）,食物
山芋,山芋,食物
土豆粉条,土豆粉条,食物
藕粉,藕粉,食物
苕粉,苕粉,食物
豌豆粉丝,豌豆粉丝,食物
土豆（煮、蒸、烤）,土豆（煮、蒸、烤）,食物
土豆片（油炸）,土豆片（油炸）,食物
土豆泥,土豆泥,食物
红薯（煮）,红薯（煮）,食物
黄豆,黄豆,食物
黑豆,黑豆,食物
青豆,青豆,食物
绿豆,绿豆,食物
蚕豆,蚕豆,食物
鹰嘴豆,鹰嘴豆,食物
芸豆,芸豆,食物
豆腐,豆腐,食物
豆腐干,豆腐干,食物
芦笋,芦笋,食物
菜花,菜花,食物
西兰花,西兰花,食物
芹菜,芹菜,食物
黄瓜,黄瓜,食物
茄子,茄子,食物
莴笋,莴笋,食物
生菜,生菜,食物
青椒,青椒,食物
西红柿,西红柿,食物
菠菜,菠菜,食物
甜菜,甜菜,食物
南瓜,南瓜,食物
苹果,苹果,食物
梨,梨,食物
桃,桃,食物
李子,李子,食物
樱桃,樱桃,食物
葡萄,葡萄,食物
猕猴桃,猕猴桃,食物
柑橘,柑橘,食物
芒果,芒果,食物
芭蕉,芭蕉,食物
香蕉,香蕉,食物
草莓,草莓,食物
菠萝,菠萝,食物
哈密瓜,哈密瓜,食物
水果罐头（如桃、杏）,水果罐头（如桃、杏）,食物
葡萄干,葡萄干,食物
西瓜,西瓜,食物
牛奶,牛奶,食物
奶粉,奶粉,食物
酸奶,酸奶,食物
酸乳酪,酸乳酪,食物
花生,花生,食物
腰果,腰果,食物
巧克力,巧克力,食物
乳糖,乳糖,食物
葡萄糖,葡萄糖,食物
麦芽糖,麦芽糖,食物
白糖,白糖,食物
蜂蜜,蜂蜜,食物
胶质软糖,胶质软糖,食物
糖尿病,糖尿病,疾病
锅贴,锅贴,菜品
萝卜蘸酱,萝卜蘸酱,菜品
杂粮饭,杂粮饭,菜品
芹菜炒肉,芹菜炒肉,菜品
鸡片炒油菜,鸡片炒油菜,菜品
红菜汤,红菜汤,菜品
二米饭,二米饭,菜品
藿香鱼,藿香鱼,菜品
杏鲍菇蒜苗炒肉,杏鲍菇蒜苗炒肉,菜品
油豆角炖肉,油豆角炖肉,菜品
发糕,发糕,菜品
凉拌菠菜,凉拌菠菜,菜品
香菇炒菜心,香菇炒菜心,菜品
西红柿牛腩汤,西红柿牛腩汤,菜品
苦菊西兰花沙拉,苦菊西兰花沙拉,菜品
蘑菇炒肉,蘑菇炒肉,菜品
小葱拌豆腐,小葱拌豆腐,菜品
韭菜炒鸡蛋,韭菜炒鸡蛋,菜品
鸡蛋饼,鸡蛋饼,菜品
素炒小白菜,素炒小白菜,菜品
砂锅小排骨,砂锅小排骨,菜品
虾仁炒黄瓜,虾仁炒黄瓜,菜品
清炖百合牛肉汤,清炖百合牛肉汤,菜品
山药鸡蛋面,山药鸡蛋面,菜品
甘草炖肉,甘草炖肉,菜品
姜汁菠菜,姜汁菠菜,菜品
鲫鱼汤,鲫鱼汤,菜品
蒸南瓜,蒸南瓜,菜品
皮蛋豆腐,皮蛋豆腐,菜品
党参黄芪鸡汤面,党参黄芪鸡汤面,菜品
豌豆胡萝卜,豌豆胡萝卜,菜品
蘑菇青菜炒肉,蘑菇青菜炒肉,菜品
煮玉米,煮玉米,菜品
小白菜汤,小白菜汤,菜品
蒜蓉蒲公英,蒜蓉蒲公英,菜品
土豆炖肉,土豆炖肉,菜品
韭菜虾仁饺子,韭菜虾仁饺子,菜品
白灼菜花,白灼菜花,菜品
西红柿炒鸡蛋,西红柿炒鸡蛋,菜品
炒三丝,炒三丝,菜品
核桃莲子牛腩煲,核桃莲子牛腩煲,菜品
窝头,窝头,菜品
葱爆肉,葱爆肉,菜品
黄瓜鸡蛋汤,黄瓜鸡蛋汤,菜品
西兰花炒鸡胸肉,西兰花炒鸡胸肉,菜品
凉拌芹菜花生米,凉拌芹菜花生米,菜品
裙带菜豆腐汤,裙带菜豆腐汤,菜品
虾仁炒西葫芦,虾仁炒西葫芦,菜品
青椒豆干,青椒豆干,菜品
小米粥,小米粥,菜品
白扁豆炒肉,白扁豆炒肉,菜品
葛根排骨汤,葛根排骨汤,菜品
红烧带鱼,红烧带鱼,菜品
蒸芋头,蒸芋头,菜品
豆腐脑,豆腐脑,菜品
西兰花木耳,西兰花木耳,菜品
油醋汁香菇西葫芦,油醋汁香菇西葫芦,菜品
荠菜豆腐羹,荠菜豆腐羹,菜品
油面筋塞肉,油面筋塞肉,菜品
马兰头香干,马兰头香干,菜品
清炒油麦菜,清炒油麦菜,菜品
菌菇汤,菌菇汤,菜品
葱油鲳鱼,葱油鲳鱼,菜品
香椿炒蛋,香椿炒蛋,菜品
冬瓜毛豆,冬瓜毛豆,菜品
黑木耳炒苦瓜,黑木耳炒苦瓜,菜品
青椒茭白丝,青椒茭白丝,菜品
黄豆芽油豆腐,黄豆芽油豆腐,菜品
水芹香干,水芹香干,菜品
樱桃,樱桃,菜品
实体,实体,实体类别
低GI食物,低GI食物,食物GI类别
中GI食物,中GI食物,食物GI类别
高GI食物,高GI食物,食物GI类别
玉米面,玉米面,食物
面粉,面粉,食物
白萝卜,白萝卜,食物
大米,大米,食物
藜麦,藜麦,食物
玉米碴,玉米碴,食物
猪肉,猪肉,食物
鸡胸肉,鸡胸肉,食物
油菜,油菜,食物
圆白菜,圆白菜,食物
土豆,土豆,食物
牛肉,牛肉,食物
小米,小米,食物
藿香,藿香,食物
白鲢,白鲢,食物
杏鲍菇,杏鲍菇,食物
蒜苗,蒜苗,食物
油豆角,油豆角,食物
香菇,香菇,食物
油菜心,油菜心,食物
牛腩,牛腩,食物
苦菊,苦菊,食物
无糖酸奶,无糖酸奶,食物
小葱,小葱,食物
韭菜,韭菜,食物
鸡蛋,鸡蛋,食物
葱,葱,食物
小白菜,小白菜,食物
猪排骨,猪排骨,食物
虾仁,虾仁,食物
百合,百合,食物
面条,面条,食物
甘草,甘草,食物
羊肉,羊肉,食物
生姜,生姜,食物
鲫鱼,鲫鱼,食物
黄豆芽,黄豆芽,食物
皮蛋,皮蛋,食物
党参,党参,食物
黄芪,黄芪,食物
鸡肉,鸡肉,食物
豌豆,豌豆,食物
胡萝卜,胡萝卜,食物
平菇,平菇,食物
青菜,青菜,食物
猪瘦肉,猪瘦肉,食物
蒲公英,蒲公英,食物
绿豆芽,绿豆芽,食物
核桃,核桃,食物
莲子,莲子,食物
牛瘦肉,牛瘦肉,食物
西芹,西芹,食物
裙带菜,裙带菜,食物
西葫芦,西葫芦,食物
白扁豆,白扁豆,食物
葛根,葛根,食物
带鱼,带鱼,食物
芋头,芋头,食物
豆腐脑,豆腐脑,食物
木耳,木耳,食物
荠菜,荠菜,食物
内酯豆腐,内酯豆腐,食物
油面筋,油面筋,食物
马兰头,马兰头,食物
香干,香干,食物
油麦菜,油麦菜,食物
口蘑,口蘑,食物
鳕鱼,鳕鱼,食物
香椿,香椿,食物
冬瓜,冬瓜,食物
毛豆,毛豆,食物
苦瓜,苦瓜,食物
茭白,茭白,食物
油豆腐,油豆腐,食物
水芹菜,水芹菜,食物
黑芝麻,黑芝麻,食物
